# ************************************************************
# Sequel Ace SQL dump
# Version 20046
#
# https://sequel-ace.com/
# https://github.com/Sequel-Ace/Sequel-Ace
#
# Host: 127.0.0.1 (MySQL 5.5.5-10.11.3-MariaDB)
# Database: petgoods
# Generation Time: 2023-06-27 02:21:45 +0000
# ************************************************************


/*!40101 SET @OLD_CHARACTER_SET_CLIENT=@@CHARACTER_SET_CLIENT */;
/*!40101 SET @OLD_CHARACTER_SET_RESULTS=@@CHARACTER_SET_RESULTS */;
/*!40101 SET @OLD_COLLATION_CONNECTION=@@COLLATION_CONNECTION */;
SET NAMES utf8mb4;
/*!40014 SET @OLD_FOREIGN_KEY_CHECKS=@@FOREIGN_KEY_CHECKS, FOREIGN_KEY_CHECKS=0 */;
/*!40101 SET @OLD_SQL_MODE='NO_AUTO_VALUE_ON_ZERO', SQL_MODE='NO_AUTO_VALUE_ON_ZERO' */;
/*!40111 SET @OLD_SQL_NOTES=@@SQL_NOTES, SQL_NOTES=0 */;


# Dump of table address
# ------------------------------------------------------------

DROP TABLE IF EXISTS `address`;

CREATE TABLE `address` (
  `address_no` int(11) NOT NULL AUTO_INCREMENT,
  `id` varchar(50) NOT NULL,
  `address` text NOT NULL,
  `address_last_date` datetime NOT NULL,
  `createdate` datetime NOT NULL,
  `updatedate` datetime NOT NULL,
  PRIMARY KEY (`address_no`) USING BTREE,
  KEY `FK_address_customer` (`id`),
  CONSTRAINT `FK_address_customer` FOREIGN KEY (`id`) REFERENCES `customer` (`id`) ON DELETE CASCADE ON UPDATE CASCADE
) ENGINE=InnoDB AUTO_INCREMENT=13 DEFAULT CHARSET=utf8mb3 COLLATE=utf8mb3_general_ci;

LOCK TABLES `address` WRITE;
/*!40000 ALTER TABLE `address` DISABLE KEYS */;

INSERT INTO `address` (`address_no`, `id`, `address`, `address_last_date`, `createdate`, `updatedate`)
VALUES
	(1,'user1','08594 서울 금천구 가산디지털1로 1 302호 (가산동)','2023-06-26 15:49:35','2023-06-26 15:49:35','2023-06-26 15:49:35'),
	(2,'user1','08334 서울 구로구 개봉로 4 101호 (개봉동)','2023-06-26 15:50:05','2023-06-26 15:50:05','2023-06-26 15:50:05'),
	(3,'user2','07318 서울 영등포구 노량진로 7 207호 (신길동)','2023-06-26 16:23:10','2023-06-26 16:23:10','2023-06-26 16:23:10'),
	(4,'user3','02829 서울 성북구 아리랑로 4 805호 (동선동4가)','2023-06-26 16:24:27','2023-06-26 16:24:27','2023-06-26 16:24:27'),
	(5,'user4','63534 제주특별자치도 서귀포시 가가로 28-19 606호 (상예동)','2023-06-26 16:27:32','2023-06-26 16:27:32','2023-06-26 16:27:32'),
	(6,'user4','63275 제주특별자치도 제주시 가령골길 1 303호 (일도이동)','2023-06-26 16:27:55','2023-06-26 16:27:55','2023-06-26 16:27:55'),
	(7,'user5','07296 서울 영등포구 당산로 1 801호 (문래동3가)','2023-06-26 16:29:02','2023-06-26 16:29:02','2023-06-26 16:29:02'),
	(8,'user6','23024 인천 강화군 강화읍 갑룡길 33-1 503호','2023-06-26 16:29:47','2023-06-26 16:29:47','2023-06-26 16:29:47'),
	(9,'user7','32608 충남 공주시 탄천면 진주고개길 6 202호','2023-06-26 16:30:31','2023-06-26 16:30:31','2023-06-26 16:30:31'),
	(10,'user8','52822 경남 진주시 가좌길 11-1 403호 (가좌동)','2023-06-26 16:33:05','2023-06-26 16:33:05','2023-06-26 16:33:05'),
	(11,'user9','27213 충북 제천시 청풍면 호반로 3062 505호','2023-06-26 16:33:59','2023-06-26 16:33:59','2023-06-26 16:33:59'),
	(12,'user10','49376 부산 사하구 감내1로 7 305호 (감천동)','2023-06-26 16:35:02','2023-06-26 16:35:02','2023-06-26 16:35:02');

/*!40000 ALTER TABLE `address` ENABLE KEYS */;
UNLOCK TABLES;


# Dump of table answer
# ------------------------------------------------------------

DROP TABLE IF EXISTS `answer`;

CREATE TABLE `answer` (
  `a_no` int(11) NOT NULL AUTO_INCREMENT,
  `q_no` int(11) NOT NULL,
  `id` varchar(50) NOT NULL,
  `a_content` text NOT NULL,
  `createdate` datetime NOT NULL,
  `updatedate` datetime NOT NULL,
  PRIMARY KEY (`a_no`),
  KEY `FK_answer_question` (`q_no`),
  KEY `FK_answer_employees` (`id`),
  CONSTRAINT `FK_answer_employees` FOREIGN KEY (`id`) REFERENCES `employees` (`id`) ON DELETE NO ACTION ON UPDATE NO ACTION,
  CONSTRAINT `FK_answer_question` FOREIGN KEY (`q_no`) REFERENCES `question` (`q_no`) ON DELETE CASCADE ON UPDATE CASCADE
) ENGINE=InnoDB DEFAULT CHARSET=utf8mb3 COLLATE=utf8mb3_general_ci;



# Dump of table cart
# ------------------------------------------------------------

DROP TABLE IF EXISTS `cart`;

CREATE TABLE `cart` (
  `cart_no` int(11) NOT NULL AUTO_INCREMENT,
  `product_no` int(11) NOT NULL,
  `id` varchar(50) NOT NULL,
  `cart_cnt` int(11) NOT NULL,
  `createdate` datetime NOT NULL,
  `updatedate` datetime NOT NULL,
  PRIMARY KEY (`cart_no`) USING BTREE,
  KEY `FK_cart_product` (`product_no`),
  KEY `FK_cart_customer` (`id`),
  CONSTRAINT `FK_cart_customer` FOREIGN KEY (`id`) REFERENCES `customer` (`id`) ON DELETE CASCADE ON UPDATE CASCADE,
  CONSTRAINT `FK_cart_product` FOREIGN KEY (`product_no`) REFERENCES `product` (`product_no`) ON DELETE CASCADE ON UPDATE CASCADE
) ENGINE=InnoDB AUTO_INCREMENT=10 DEFAULT CHARSET=utf8mb3 COLLATE=utf8mb3_general_ci;



# Dump of table category
# ------------------------------------------------------------

DROP TABLE IF EXISTS `category`;

CREATE TABLE `category` (
  `category_no` int(11) NOT NULL AUTO_INCREMENT,
  `category_main_name` varchar(50) NOT NULL,
  `category_sub_name` varchar(50) NOT NULL,
  `createdate` datetime NOT NULL,
  `updatedate` datetime NOT NULL,
  PRIMARY KEY (`category_no`) USING BTREE
) ENGINE=InnoDB AUTO_INCREMENT=13 DEFAULT CHARSET=utf8mb3 COLLATE=utf8mb3_general_ci;

LOCK TABLES `category` WRITE;
/*!40000 ALTER TABLE `category` DISABLE KEYS */;

INSERT INTO `category` (`category_no`, `category_main_name`, `category_sub_name`, `createdate`, `updatedate`)
VALUES
	(1,'사료','습식사료','2023-06-07 12:44:37','2023-06-07 12:44:37'),
	(2,'사료','건식사료','2023-06-07 12:44:37','2023-06-07 12:44:37'),
	(3,'사료','동결사료','2023-06-07 12:44:37','2023-06-07 12:44:37'),
	(4,'사료','자연식','2023-06-07 12:44:37','2023-06-07 12:44:37'),
	(5,'간식','뼈간식','2023-06-07 12:44:37','2023-06-07 12:44:37'),
	(6,'간식','껌','2023-06-07 12:44:37','2023-06-07 12:44:37'),
	(7,'간식','동결/건조','2023-06-07 12:44:37','2023-06-07 12:44:37'),
	(8,'간식','저키','2023-06-07 12:44:37','2023-06-07 12:44:37'),
	(9,'용품','장난감','2023-06-07 12:44:37','2023-06-07 12:44:37'),
	(10,'용품','의류/악세사리','2023-06-07 12:44:37','2023-06-07 12:44:37'),
	(11,'용품','하우스/방석','2023-06-07 12:44:37','2023-06-07 12:44:37'),
	(12,'용품','가방/카시트','2023-06-07 12:44:37','2023-06-07 12:44:37');

/*!40000 ALTER TABLE `category` ENABLE KEYS */;
UNLOCK TABLES;


# Dump of table customer
# ------------------------------------------------------------

DROP TABLE IF EXISTS `customer`;

CREATE TABLE `customer` (
  `cstm_no` int(11) NOT NULL AUTO_INCREMENT,
  `id` varchar(50) NOT NULL,
  `cstm_name` varchar(50) NOT NULL,
  `cstm_email` varchar(50) NOT NULL,
  `cstm_birth` date NOT NULL,
  `cstm_gender` enum('M','F') NOT NULL,
  `cstm_rank` enum('BRONZE','SILVER','GOLD') NOT NULL,
  `cstm_point` int(11) NOT NULL,
  `cstm_last_login` datetime NOT NULL,
  `cstm_agree` enum('Y','N') NOT NULL,
  `createdate` datetime NOT NULL,
  `updatedate` datetime NOT NULL,
  PRIMARY KEY (`cstm_no`) USING BTREE,
  KEY `FK_customer_id_list` (`id`),
  CONSTRAINT `FK_customer_id_list` FOREIGN KEY (`id`) REFERENCES `id_list` (`id`) ON DELETE CASCADE ON UPDATE CASCADE
) ENGINE=InnoDB AUTO_INCREMENT=11 DEFAULT CHARSET=utf8mb3 COLLATE=utf8mb3_general_ci;

LOCK TABLES `customer` WRITE;
/*!40000 ALTER TABLE `customer` DISABLE KEYS */;

INSERT INTO `customer` (`cstm_no`, `id`, `cstm_name`, `cstm_email`, `cstm_birth`, `cstm_gender`, `cstm_rank`, `cstm_point`, `cstm_last_login`, `cstm_agree`, `createdate`, `updatedate`)
VALUES
	(1,'user1','cst1','user1@gmail.com','1990-01-17','M','BRONZE',100,'2023-06-26 16:54:42','Y','2023-06-26 15:32:02','2023-06-26 16:54:42'),
	(2,'user2','cst2','user2@gmail.com','1993-03-18','F','BRONZE',70,'2023-06-26 17:31:44','Y','2023-06-26 15:45:25','2023-06-26 17:31:44'),
	(3,'user3','cst3','user3@gmail.com','1995-05-07','M','SILVER',100,'2023-06-26 16:23:30','Y','2023-06-26 15:45:25','2023-06-26 16:23:30'),
	(4,'user4','cst4','user4@gmail.com','1997-07-10','F','SILVER',200,'2023-06-26 16:27:06','Y','2023-06-26 15:45:25','2023-06-26 16:27:06'),
	(5,'user5','cst5','user5@gmail.com','1999-09-21','M','SILVER',300,'2023-06-26 16:28:08','Y','2023-06-26 15:45:25','2023-06-26 16:28:08'),
	(6,'user6','cst6','user6@gmail.com','2000-10-28','F','BRONZE',30,'2023-06-26 16:29:18','Y','2023-06-26 15:45:25','2023-06-26 16:29:18'),
	(7,'user7','cst7','user7@gmail.com','2001-12-09','M','BRONZE',70,'2023-06-26 16:30:04','Y','2023-06-26 15:45:25','2023-06-26 16:30:04'),
	(8,'user8','cst8','user8@gmail.com','1989-01-03','F','GOLD',1000,'2023-06-26 16:31:00','Y','2023-06-26 15:45:25','2023-06-26 16:31:00'),
	(9,'user9','cst9','user9@gmail.com','1992-08-04','M','GOLD',2000,'2023-06-26 16:33:28','Y','2023-06-26 15:45:25','2023-06-26 16:33:28'),
	(10,'user10','cst10','user10@gmail.com','1988-11-19','F','GOLD',3000,'2023-06-26 16:34:17','Y','2023-06-26 15:45:25','2023-06-26 16:34:17');

/*!40000 ALTER TABLE `customer` ENABLE KEYS */;
UNLOCK TABLES;


# Dump of table discount
# ------------------------------------------------------------

DROP TABLE IF EXISTS `discount`;

CREATE TABLE `discount` (
  `discount_no` int(11) NOT NULL AUTO_INCREMENT,
  `product_no` int(11) NOT NULL,
  `discount_start` datetime NOT NULL,
  `discount_end` datetime NOT NULL,
  `discount_rate` double NOT NULL,
  `createdate` datetime NOT NULL,
  `updatedate` datetime NOT NULL,
  PRIMARY KEY (`discount_no`) USING BTREE,
  KEY `FK_discount_product` (`product_no`),
  CONSTRAINT `FK_discount_product` FOREIGN KEY (`product_no`) REFERENCES `product` (`product_no`) ON DELETE CASCADE ON UPDATE CASCADE
) ENGINE=InnoDB AUTO_INCREMENT=15 DEFAULT CHARSET=utf8mb3 COLLATE=utf8mb3_general_ci;

LOCK TABLES `discount` WRITE;
/*!40000 ALTER TABLE `discount` DISABLE KEYS */;

INSERT INTO `discount` (`discount_no`, `product_no`, `discount_start`, `discount_end`, `discount_rate`, `createdate`, `updatedate`)
VALUES
	(1,1,'2022-10-26 00:00:00','2022-11-03 00:00:00',0.2,'2023-06-26 16:40:26','2023-06-26 16:40:26'),
	(2,3,'2023-06-15 00:00:00','2023-06-19 00:00:00',0.1,'2023-06-26 16:41:25','2023-06-26 16:41:25'),
	(3,4,'2023-06-16 00:00:00','2023-06-19 00:00:00',0.1,'2023-06-26 16:41:39','2023-06-26 16:41:39'),
	(4,7,'2023-06-16 00:00:00','2023-06-19 00:00:00',0.1,'2023-06-26 16:42:26','2023-06-26 16:42:26'),
	(5,8,'2023-06-16 00:00:00','2023-06-19 00:00:00',0.1,'2023-06-26 16:42:37','2023-06-26 16:42:37'),
	(6,15,'2023-06-23 00:00:00','2023-06-30 00:00:00',0.3,'2023-06-26 16:44:58','2023-06-26 16:44:58'),
	(7,16,'2023-06-23 00:00:00','2023-06-30 00:00:00',0.3,'2023-06-26 16:45:09','2023-06-26 16:45:09'),
	(8,17,'2023-06-23 00:00:00','2023-06-30 00:00:00',0.3,'2023-06-26 16:45:18','2023-06-26 16:45:18'),
	(9,47,'2023-06-24 00:00:00','2023-06-28 00:00:00',0.25,'2023-06-26 16:46:40','2023-06-26 16:46:40'),
	(10,48,'2023-06-24 00:00:00','2023-06-29 00:00:00',0.25,'2023-06-26 16:47:03','2023-06-26 16:47:03'),
	(11,49,'2023-06-24 00:00:00','2023-06-29 00:00:00',0.25,'2023-06-26 16:47:18','2023-06-26 16:47:18'),
	(12,52,'2023-06-25 00:00:00','2023-07-08 00:00:00',0.13,'2023-06-26 16:48:45','2023-06-26 16:48:45'),
	(13,53,'2023-06-25 00:00:00','2023-07-08 00:00:00',0.13,'2023-06-26 16:49:01','2023-06-26 16:49:01'),
	(14,54,'2023-06-25 00:00:00','2023-07-08 00:00:00',0.13,'2023-06-26 16:49:18','2023-06-26 16:49:18');

/*!40000 ALTER TABLE `discount` ENABLE KEYS */;
UNLOCK TABLES;


# Dump of table employees
# ------------------------------------------------------------

DROP TABLE IF EXISTS `employees`;

CREATE TABLE `employees` (
  `emp_no` int(11) NOT NULL AUTO_INCREMENT,
  `id` varchar(50) NOT NULL,
  `emp_name` varchar(50) NOT NULL,
  `emp_level` enum('1','2') NOT NULL,
  `createdate` datetime NOT NULL,
  `updatedate` datetime NOT NULL,
  PRIMARY KEY (`emp_no`),
  KEY `FK_employees_id_list` (`id`),
  CONSTRAINT `FK_employees_id_list` FOREIGN KEY (`id`) REFERENCES `id_list` (`id`) ON DELETE CASCADE ON UPDATE CASCADE
) ENGINE=InnoDB AUTO_INCREMENT=12 DEFAULT CHARSET=utf8mb3 COLLATE=utf8mb3_general_ci;

LOCK TABLES `employees` WRITE;
/*!40000 ALTER TABLE `employees` DISABLE KEYS */;

INSERT INTO `employees` (`emp_no`, `id`, `emp_name`, `emp_level`, `createdate`, `updatedate`)
VALUES
	(1,'admin1','emp1','2','2023-06-26 15:13:11','2023-06-26 15:13:11'),
	(2,'admin2','emp2','2','2023-06-26 15:13:11','2023-06-26 15:13:11'),
	(3,'admin3','emp3','2','2023-06-26 15:13:11','2023-06-26 15:13:11'),
	(4,'admin4','emp4','2','2023-06-26 15:13:11','2023-06-26 15:13:11'),
	(5,'admin5','emp5','2','2023-06-26 15:13:11','2023-06-26 15:13:11'),
	(6,'admin6','emp6','1','2023-06-26 15:13:11','2023-06-26 15:13:11'),
	(7,'admin7','emp7','1','2023-06-26 15:13:11','2023-06-26 15:13:11'),
	(8,'admin8','emp8','1','2023-06-26 15:13:11','2023-06-26 15:13:11'),
	(9,'admin9','emp9','1','2023-06-26 15:13:11','2023-06-26 15:13:11'),
	(10,'admin10','emp10','1','2023-06-26 15:13:11','2023-06-26 15:13:11'),
	(11,'admin11','emp11','1','2023-06-26 15:13:11','2023-06-26 15:13:11');

/*!40000 ALTER TABLE `employees` ENABLE KEYS */;
UNLOCK TABLES;


# Dump of table id_list
# ------------------------------------------------------------

DROP TABLE IF EXISTS `id_list`;

CREATE TABLE `id_list` (
  `id_no` int(11) NOT NULL AUTO_INCREMENT,
  `id` varchar(50) NOT NULL,
  `last_pw` varchar(50) NOT NULL,
  `active` enum('Y','N') NOT NULL,
  `createdate` datetime NOT NULL,
  PRIMARY KEY (`id_no`) USING BTREE,
  UNIQUE KEY `id` (`id`)
) ENGINE=InnoDB AUTO_INCREMENT=22 DEFAULT CHARSET=utf8mb3 COLLATE=utf8mb3_general_ci;

LOCK TABLES `id_list` WRITE;
/*!40000 ALTER TABLE `id_list` DISABLE KEYS */;

INSERT INTO `id_list` (`id_no`, `id`, `last_pw`, `active`, `createdate`)
VALUES
	(1,'admin1','*A4B6157319038724E3560894F7F932C8886EBFCF','Y','2023-06-26 15:08:45'),
	(2,'admin2','*A4B6157319038724E3560894F7F932C8886EBFCF','Y','2023-06-26 15:08:45'),
	(3,'admin3','*A4B6157319038724E3560894F7F932C8886EBFCF','Y','2023-06-26 15:08:45'),
	(4,'admin4','*A4B6157319038724E3560894F7F932C8886EBFCF','Y','2023-06-26 15:08:45'),
	(5,'admin5','*A4B6157319038724E3560894F7F932C8886EBFCF','Y','2023-06-26 15:08:45'),
	(6,'admin6','*A4B6157319038724E3560894F7F932C8886EBFCF','Y','2023-06-26 15:08:45'),
	(7,'admin7','*A4B6157319038724E3560894F7F932C8886EBFCF','Y','2023-06-26 15:08:45'),
	(8,'admin8','*A4B6157319038724E3560894F7F932C8886EBFCF','Y','2023-06-26 15:08:45'),
	(9,'admin9','*A4B6157319038724E3560894F7F932C8886EBFCF','Y','2023-06-26 15:08:45'),
	(10,'admin10','*A4B6157319038724E3560894F7F932C8886EBFCF','Y','2023-06-26 15:08:45'),
	(11,'admin11','*A4B6157319038724E3560894F7F932C8886EBFCF','Y','2023-06-26 15:08:45'),
	(12,'user1','*A4B6157319038724E3560894F7F932C8886EBFCF','Y','2023-06-26 15:32:02'),
	(13,'user2','*A4B6157319038724E3560894F7F932C8886EBFCF','Y','2023-06-26 15:45:15'),
	(14,'user3','*A4B6157319038724E3560894F7F932C8886EBFCF','Y','2023-06-26 15:45:15'),
	(15,'user4','*A4B6157319038724E3560894F7F932C8886EBFCF','Y','2023-06-26 15:45:15'),
	(16,'user5','*A4B6157319038724E3560894F7F932C8886EBFCF','Y','2023-06-26 15:45:15'),
	(17,'user6','*A4B6157319038724E3560894F7F932C8886EBFCF','Y','2023-06-26 15:45:15'),
	(18,'user7','*A4B6157319038724E3560894F7F932C8886EBFCF','Y','2023-06-26 15:45:15'),
	(19,'user8','*A4B6157319038724E3560894F7F932C8886EBFCF','Y','2023-06-26 15:45:15'),
	(20,'user9','*A4B6157319038724E3560894F7F932C8886EBFCF','Y','2023-06-26 15:45:15'),
	(21,'user10','*A4B6157319038724E3560894F7F932C8886EBFCF','Y','2023-06-26 15:45:15');

/*!40000 ALTER TABLE `id_list` ENABLE KEYS */;
UNLOCK TABLES;


# Dump of table orders
# ------------------------------------------------------------

DROP TABLE IF EXISTS `orders`;

CREATE TABLE `orders` (
  `order_no` int(11) NOT NULL AUTO_INCREMENT,
  `product_no` int(11) NOT NULL,
  `id` varchar(50) NOT NULL,
  `order_status` enum('주문취소','결제완료','배송완료','구매확정') NOT NULL,
  `order_cnt` int(11) NOT NULL,
  `order_price` int(11) NOT NULL,
  `createdate` datetime NOT NULL,
  `updatedate` datetime NOT NULL,
  PRIMARY KEY (`order_no`) USING BTREE,
  KEY `FK_orders_product` (`product_no`),
  KEY `FK_orders_customer` (`id`),
  CONSTRAINT `FK_orders_customer` FOREIGN KEY (`id`) REFERENCES `customer` (`id`) ON DELETE NO ACTION ON UPDATE CASCADE,
  CONSTRAINT `FK_orders_product` FOREIGN KEY (`product_no`) REFERENCES `product` (`product_no`) ON DELETE CASCADE ON UPDATE CASCADE
) ENGINE=InnoDB AUTO_INCREMENT=6 DEFAULT CHARSET=utf8mb3 COLLATE=utf8mb3_general_ci;

LOCK TABLES `orders` WRITE;
/*!40000 ALTER TABLE `orders` DISABLE KEYS */;

INSERT INTO `orders` (`order_no`, `product_no`, `id`, `order_status`, `order_cnt`, `order_price`, `createdate`, `updatedate`)
VALUES
	(1,52,'user1','구매확정',1,10000,'2023-06-26 16:53:05','2023-06-26 16:53:05'),
	(2,53,'user1','구매확정',1,10000,'2023-06-26 16:53:05','2023-06-26 16:53:05'),
	(3,60,'user1','구매확정',1,7000,'2023-06-26 16:53:05','2023-06-26 16:53:05'),
	(4,62,'user2','구매확정',1,7000,'2023-06-26 17:30:48','2023-06-26 17:30:48'),
	(5,65,'user2','구매확정',1,17000,'2023-06-26 17:30:48','2023-06-26 17:30:48');

/*!40000 ALTER TABLE `orders` ENABLE KEYS */;
UNLOCK TABLES;


# Dump of table point_history
# ------------------------------------------------------------

DROP TABLE IF EXISTS `point_history`;

CREATE TABLE `point_history` (
  `point_no` int(11) NOT NULL AUTO_INCREMENT,
  `order_no` int(11) NOT NULL,
  `point_pm` enum('+','-') NOT NULL,
  `point` int(11) NOT NULL,
  `createdate` datetime NOT NULL,
  PRIMARY KEY (`point_no`) USING BTREE,
  KEY `FK_point_history_orders` (`order_no`),
  CONSTRAINT `FK_point_history_orders` FOREIGN KEY (`order_no`) REFERENCES `orders` (`order_no`) ON DELETE CASCADE ON UPDATE CASCADE
) ENGINE=InnoDB AUTO_INCREMENT=6 DEFAULT CHARSET=utf8mb3 COLLATE=utf8mb3_general_ci;

LOCK TABLES `point_history` WRITE;
/*!40000 ALTER TABLE `point_history` DISABLE KEYS */;

INSERT INTO `point_history` (`point_no`, `order_no`, `point_pm`, `point`, `createdate`)
VALUES
	(4,1,'+',100,'2023-06-26 16:54:54'),
	(5,4,'+',70,'2023-06-26 17:31:55');

/*!40000 ALTER TABLE `point_history` ENABLE KEYS */;
UNLOCK TABLES;


# Dump of table product
# ------------------------------------------------------------

DROP TABLE IF EXISTS `product`;

CREATE TABLE `product` (
  `product_no` int(11) NOT NULL AUTO_INCREMENT,
  `category_no` int(11) NOT NULL,
  `product_name` varchar(50) NOT NULL,
  `product_stock` int(11) NOT NULL,
  `product_price` int(11) NOT NULL,
  `product_status` enum('판매중','품절') NOT NULL,
  `product_info` text NOT NULL,
  `createdate` datetime NOT NULL,
  `updatedate` datetime NOT NULL,
  PRIMARY KEY (`product_no`) USING BTREE,
  KEY `FK_product_category` (`category_no`),
  CONSTRAINT `FK_product_category` FOREIGN KEY (`category_no`) REFERENCES `category` (`category_no`) ON DELETE CASCADE ON UPDATE CASCADE
) ENGINE=InnoDB AUTO_INCREMENT=85 DEFAULT CHARSET=utf8mb3 COLLATE=utf8mb3_general_ci;

LOCK TABLES `product` WRITE;
/*!40000 ALTER TABLE `product` DISABLE KEYS */;

INSERT INTO `product` (`product_no`, `category_no`, `product_name`, `product_stock`, `product_price`, `product_status`, `product_info`, `createdate`, `updatedate`)
VALUES
	(1,1,'시저 독 닭고기 캔 100g',50,2000,'판매중','습식사료, 캔, 닭고기, 100g','2023-06-13 12:14:14','2023-06-13 12:14:14'),
	(2,1,'시저 독 불고기 캔 100g',50,2000,'판매중','습식사료, 캔, 불고기, 100g','2023-06-13 12:14:14','2023-06-13 12:14:14'),
	(3,1,'시저 독 쇠고기 캔 100g',50,2000,'판매중','습식사료, 캔, 쇠고기, 100g','2023-06-13 12:14:14','2023-06-13 12:14:14'),
	(4,1,'시저 독 쇠고기&닭고기 캔 100g',50,2000,'판매중','습식사료, 캔, 쇠고기&닭고기, 100g','2023-06-13 12:14:14','2023-06-13 12:14:14'),
	(5,1,'시저 독 쇠고기&참치 캔 100g',50,2000,'판매중','습식사료, 캔, 쇠고기&참치, 100g','2023-06-13 12:14:14','2023-06-13 12:14:14'),
	(6,1,'시저 독 쇠고기&치즈 캔 100g',50,2000,'판매중','습식사료, 캔, 쇠고기&치즈, 100g','2023-06-13 12:14:14','2023-06-13 12:14:14'),
	(7,1,'시저 독 양고기 캔 100g',50,2000,'판매중','습식사료, 캔, 양고기, 100g','2023-06-13 12:14:14','2023-06-13 12:14:14'),
	(8,1,'시저 독 연어&감자 캔 100g',50,2000,'판매중','습식사료, 캔, 연어&감자, 100g','2023-06-13 12:14:14','2023-06-13 12:14:14'),
	(9,1,'시저 독 허브딜과 호박&닭고기 캔 100g',50,2000,'판매중','습식사료, 캔, 허브딜과 호박&닭고기, 100g','2023-06-13 12:14:14','2023-06-13 12:14:14'),
	(10,1,'시저 독 흰살생선&야채 캔 100g',50,2000,'판매중','습식사료, 캔, 흰살생선&야채, 100g','2023-06-13 12:14:14','2023-06-13 12:14:14'),
	(11,2,'더리얼 독 그레인프리 오븐베이크드 닭고기 어덜트 1.6kg',50,35000,'판매중','건식사료, 오븐베이크드, 닭고기, 1.6kg','2023-06-13 12:14:14','2023-06-13 12:14:14'),
	(12,2,'더리얼 독 그레인프리 오븐베이크드 돼지고기 어덜트 1.6kg',50,35000,'판매중','건식사료, 오븐베이크드, 돼지고기, 1.6kg','2023-06-13 12:14:14','2023-06-13 12:14:14'),
	(13,2,'더리얼 독 그레인프리 오븐베이크드 소고기 어덜트 1.6kg',50,35000,'판매중','건식사료, 오븐베이크드, 소고기, 1.6kg','2023-06-13 12:14:14','2023-06-13 12:14:14'),
	(14,2,'더리얼 독 그레인프리 오븐베이크드 양고기 어덜트 1.6kg',50,35000,'판매중','건식사료, 오븐베이크드, 양고기, 1.6kg','2023-06-13 12:14:14','2023-06-13 12:14:14'),
	(15,2,'더리얼 독 그레인프리 오븐베이크드 연어 어덜트 1.6kg',50,35000,'판매중','건식사료, 오븐베이크드, 연어, 1.6kg','2023-06-13 12:14:14','2023-06-13 12:14:14'),
	(16,2,'더리얼 독 그레인프리 크런치 닭고기 어덜트 1.6kg',50,35000,'판매중','건식사료, 크런치, 닭고기, 1.6kg','2023-06-13 12:14:14','2023-06-13 12:14:14'),
	(17,2,'더리얼 독 그레인프리 크런치 소고기어덜트 1.6kg',50,35000,'판매중','건식사료, 크런치, 소고기, 1.6kg','2023-06-13 12:14:14','2023-06-13 12:14:14'),
	(18,2,'더리얼 독 그레인프리 크런치 양고기 어덜트 1.6kg',50,35000,'판매중','건식사료, 크런치, 양고기, 1.6kg','2023-06-13 12:14:14','2023-06-13 12:14:14'),
	(19,2,'더리얼 독 그레인프리 크런치 연어 어덜트 1.6kg',50,35000,'판매중','건식사료, 크런치, 연어, 1.6kg','2023-06-13 12:14:14','2023-06-13 12:14:14'),
	(20,3,'앱솔루트 홀리스틱 독 닭고기&호키 1kg',50,70000,'판매중','에어/동결사료, 닭고기&호키, 1kg','2023-06-13 12:14:14','2023-06-13 12:14:14'),
	(21,3,'앱솔루트 홀리스틱 독 소고기&사슴고기 1kg',50,70000,'판매중','에어/동결사료, 소고기&사슴고기, 1kg','2023-06-13 12:14:14','2023-06-13 12:14:14'),
	(22,3,'앱솔루트 홀리스틱 독 양고기&연어 1kg',50,70000,'판매중','에어/동결사료, 양고기&연어, 1kg','2023-06-13 12:14:14','2023-06-13 12:14:14'),
	(23,4,'듀먼 독 자연화식 닭가슴살&빌베리 100g',50,2500,'판매중','자연식, 닭가슴살&빌베리, 100g','2023-06-13 12:14:14','2023-06-13 12:14:14'),
	(24,4,'듀먼 독 자연화식 닭가슴살&연어 100g',50,2500,'판매중','자연식, 닭가슴살&연어, 100g','2023-06-13 12:14:14','2023-06-13 12:14:14'),
	(25,4,'듀먼 독 자연화식 닭가슴살&채소 100g',50,2500,'판매중','자연식, 닭가슴살&채소, 100g','2023-06-13 12:14:14','2023-06-13 12:14:14'),
	(26,4,'듀먼 독 자연화식 닭가슴살&초록입홍합 100g',50,2500,'판매중','자연식, 닭가슴살&초록입홍합, 100g','2023-06-13 12:14:14','2023-06-13 12:14:14'),
	(27,4,'듀먼 독 자연화식 닭가슴살&토마토 100g',50,2500,'판매중','자연식, 닭가슴살&토마토, 100g','2023-06-13 12:14:14','2023-06-13 12:14:14'),
	(28,4,'듀먼 독 자연화식 소고기&채소 100g',50,2500,'판매중','자연식, 소고기&채소, 100g','2023-06-13 12:14:14','2023-06-13 12:14:14'),
	(29,4,'듀먼 독 자연화식 연어&채소 100g',50,2500,'판매중','자연식, 연어&채소, 100g','2023-06-13 12:14:14','2023-06-13 12:14:14'),
	(30,4,'듀먼 독 자연화식 오리안심&채소 100g',50,2500,'판매중','자연식, 오리안심&채소, 100g','2023-06-13 12:14:14','2023-06-13 12:14:14'),
	(31,5,'THE 건강한 형제 독 수제간식 닭발 70g',50,6000,'판매중','뼈간식, 닭발, 70g','2023-06-13 12:14:14','2023-06-13 12:14:14'),
	(32,5,'THE 건강한 형제 독 수제간식 돼지귀 80g',50,6000,'판매중','뼈간식, 돼지귀, 80g','2023-06-13 12:14:14','2023-06-13 12:14:14'),
	(33,5,'THE 건강한 형제 독 수제간식 돼지미니족 180g',50,6000,'판매중','뼈간식, 돼지미니족, 180g','2023-06-13 12:14:14','2023-06-13 12:14:14'),
	(34,5,'THE 건강한 형제 독 수제간식 돼지사골 2p',50,6000,'판매중','뼈간식, 돼지사골, 2p','2023-06-13 12:14:14','2023-06-13 12:14:14'),
	(35,5,'THE 건강한 형제 독 수제간식 오리도가니 100g',50,6000,'판매중','뼈간식, 오리도가니, 100g','2023-06-13 12:14:14','2023-06-13 12:14:14'),
	(36,6,'내추럴코어 독 콜라겐 딸기스틱 20p',50,7000,'판매중','껌, 딸기스틱, 20p','2023-06-13 12:14:14','2023-06-13 12:14:14'),
	(37,6,'내추럴코어 독 콜라겐 요구르트스틱 20p',50,7000,'판매중','껌, 요구르트스틱, 20p','2023-06-13 12:14:14','2023-06-13 12:14:14'),
	(38,6,'내추럴코어 독 콜라겐 칠면조스틱 20p',50,7000,'판매중','껌, 칠면조스틱, 20p','2023-06-13 12:14:14','2023-06-13 12:14:14'),
	(39,6,'내추럴코어 독 콜라겐 황태스틱 20p',50,7000,'판매중','껌, 딸기스틱, 20p','2023-06-13 12:14:14','2023-06-13 12:14:14'),
	(40,7,'촉촉트릿 닭가슴살 100g',50,15000,'판매중','동결건조, 닭가슴살, 100g','2023-06-13 12:14:14','2023-06-13 12:14:14'),
	(41,7,'촉촉트릿 미니황태 50g',50,15000,'판매중','동결건조, 미니황태, 100g','2023-06-13 12:14:14','2023-06-13 12:14:14'),
	(42,7,'촉촉트릿 북어 80g',50,15000,'판매중','동결건조, 북어, 80g','2023-06-13 12:14:14','2023-06-13 12:14:14'),
	(43,7,'촉촉트릿 소간 100g',50,15000,'판매중','동결건조, 소간, 100g','2023-06-13 12:14:14','2023-06-13 12:14:14'),
	(44,7,'촉촉트릿 연어 100g',50,15000,'판매중','동결건조, 연어, 100g','2023-06-13 12:14:14','2023-06-13 12:14:14'),
	(45,7,'촉촉트릿 열빙어 65g',50,15000,'판매중','동결건조, 열빙어, 65g','2023-06-13 12:14:14','2023-06-13 12:14:14'),
	(46,8,'진짜육포 닭가슴살 180g',50,10000,'판매중','저키, 닭가슴살, 180g','2023-06-13 12:14:14','2023-06-13 12:14:14'),
	(47,8,'진짜육포 소고기 180g',50,10000,'판매중','저키, 소고기, 180g','2023-06-13 12:14:14','2023-06-13 12:14:14'),
	(48,8,'진짜육포 양고기 180g',50,10000,'판매중','저키, 양고기, 180g','2023-06-13 12:14:14','2023-06-13 12:14:14'),
	(49,8,'진짜육포 연어 180g',50,10000,'판매중','저키, 연어, 180g','2023-06-13 12:14:14','2023-06-13 12:14:14'),
	(50,8,'진짜육포 오리고기 180g',49,10000,'판매중','저키, 오리고기, 180g','2023-06-13 12:14:15','2023-06-13 12:14:15'),
	(51,8,'진짜육포 황태 180g',50,10000,'판매중','저키, 황태, 180g','2023-06-13 12:14:15','2023-06-13 12:14:15'),
	(52,8,'진짜채소 고구마 180g',49,10000,'판매중','저키, 고구마, 180g','2023-06-13 12:14:15','2023-06-13 12:14:15'),
	(53,8,'진짜채소 단호박 180g',49,10000,'판매중','저키, 단호박, 180g','2023-06-13 12:14:15','2023-06-13 12:14:15'),
	(54,8,'진짜채소 당근 180g',50,10000,'판매중','저키, 당근, 180g','2023-06-13 12:14:15','2023-06-13 12:14:15'),
	(55,9,'베스트에버 가재 장난감',50,7000,'판매중','장난감, 가재','2023-06-13 12:14:15','2023-06-13 12:14:15'),
	(56,9,'베스트에버 꽁치 장난감',50,7000,'판매중','장난감, 꽁치','2023-06-13 12:14:15','2023-06-13 12:14:15'),
	(57,9,'베스트에버 당근 장난감',50,7000,'판매중','장난감, 당근','2023-06-13 12:14:15','2023-06-13 12:14:15'),
	(58,9,'베스트에버 문어 장난감',50,7000,'판매중','장난감, 문어','2023-06-13 12:14:15','2023-06-13 12:14:15'),
	(59,9,'베스트에버 바나나 장난감',50,7000,'판매중','장난감, 바나나','2023-06-13 12:14:15','2023-06-13 12:14:15'),
	(60,9,'베스트에버 뱀장어 장난감',49,7000,'판매중','장난감, 뱀장어','2023-06-13 12:14:15','2023-06-13 12:14:15'),
	(61,9,'베스트에버 브로콜리 장난감',50,7000,'판매중','장난감, 브로콜리','2023-06-13 12:14:15','2023-06-13 12:14:15'),
	(62,9,'베스트에버 슬리퍼 장난감',49,7000,'판매중','장난감, 슬리퍼','2023-06-13 12:14:15','2023-06-13 12:14:15'),
	(63,9,'베스트에버 아이스크림 장난감',50,7000,'판매중','장난감, 아이스크림','2023-06-13 12:14:15','2023-06-13 12:14:15'),
	(64,9,'베스트에버 파 장난감',50,7000,'판매중','장난감, 파','2023-06-13 12:14:15','2023-06-13 12:14:15'),
	(65,10,'개달당 해피데이 선캡&턱받이 SET',49,17000,'판매중','악세사리, 선캡&턱받이','2023-06-13 12:14:15','2023-06-13 12:14:15'),
	(66,10,'도그아이 남아 꽃한복',50,17000,'판매중','의류, 꽃한복','2023-06-13 12:14:15','2023-06-13 12:14:15'),
	(67,10,'도그아이 자외선 차단 여름 선캡',50,17000,'판매중','악세사리, 선캡','2023-06-13 12:14:15','2023-06-13 12:14:15'),
	(68,10,'도그아이 태권도복',50,17000,'판매중','의류, 태권도복','2023-06-13 12:14:15','2023-06-13 12:14:15'),
	(69,10,'도그아이 트윈 단가라 올인원',50,17000,'판매중','의류, 트윈 단가라','2023-06-13 12:14:15','2023-06-13 12:14:15'),
	(70,10,'도그아이 포켓멜빵',50,17000,'판매중','의류, 포켓멜빵','2023-06-13 12:14:15','2023-06-13 12:14:15'),
	(71,10,'도그웨그 스쿨룩 원피스',50,17000,'판매중','의류, 스쿨룩 원피스','2023-06-13 12:14:15','2023-06-13 12:14:15'),
	(72,10,'도그웨그 스쿨룩 티셔츠',50,17000,'판매중','의류, 스쿨룩 티셔츠','2023-06-13 12:14:15','2023-06-13 12:14:15'),
	(73,10,'도그웨그 트위드 하네스 조끼 블루',50,17000,'판매중','의류, 트위드 하네스 조끼, 블루','2023-06-13 12:14:15','2023-06-13 12:14:15'),
	(74,10,'도그웨그 트위드 하네스 조끼 핑크',50,17000,'판매중','의류, 트위드 하네스 조끼, 핑크','2023-06-13 12:14:15','2023-06-13 12:14:15'),
	(75,11,'바비숑 스너그 하우스 핑크',50,50000,'판매중','하우스, 스너그 하우스, 핑크','2023-06-13 12:14:15','2023-06-13 12:14:15'),
	(76,11,'초코펫하우스 에브리데이 하우스 아이보리',50,50000,'판매중','하우스, 에브리데이 하우스, 아이보리','2023-06-13 12:14:15','2023-06-13 12:14:15'),
	(77,11,'스테이 마약방석 아이보리',50,50000,'판매중','방석, 스테이 마약방석, 아이보리','2023-06-13 12:14:15','2023-06-13 12:14:15'),
	(78,11,'울리 새콤사과 쿨링방석',50,50000,'판매중','방석	, 새콤사과 쿨링방석, 새콤사과무늬','2023-06-13 12:14:15','2023-06-13 12:14:15'),
	(79,11,'펫토리아 플러시 방석',50,50000,'판매중','방석, 플러시 방석, 화이트','2023-06-13 12:14:15','2023-06-13 12:14:15'),
	(80,12,'ENOUGH5 클라우드 카시트 그레이',50,60000,'판매중','카시트, 클라우드 카시트, 그레이','2023-06-13 12:14:15','2023-06-13 12:14:15'),
	(81,12,'쁘리엘르 몰리 카시트 그레이',50,60000,'판매중','카시트, 몰리 카시트, 그레이','2023-06-13 12:14:15','2023-06-13 12:14:15'),
	(82,12,'초코펫하우스 캠퍼스 슬링백 핑크',50,30000,'판매중','가방, 캠퍼스 슬링백, 핑크','2023-06-13 12:14:15','2023-06-13 12:14:15'),
	(83,12,'펫톤 밀크 슬링백 핑크',50,30000,'판매중','가방, 밀크 슬링백, 핑크','2023-06-13 12:14:15','2023-06-13 12:14:15'),
	(84,12,'펫홀릭 코지 슬링백',50,30000,'판매중','가방, 코지 슬링백, 화이트','2023-06-13 12:14:15','2023-06-13 12:14:15');

/*!40000 ALTER TABLE `product` ENABLE KEYS */;
UNLOCK TABLES;


# Dump of table product_img
# ------------------------------------------------------------

DROP TABLE IF EXISTS `product_img`;

CREATE TABLE `product_img` (
  `product_img_no` int(11) NOT NULL AUTO_INCREMENT,
  `product_no` int(11) NOT NULL,
  `product_ori_filename` varchar(50) NOT NULL,
  `product_save_filename` varchar(50) NOT NULL,
  `product_filetype` varchar(50) NOT NULL,
  `createdate` datetime NOT NULL,
  `updatedate` datetime NOT NULL,
  PRIMARY KEY (`product_img_no`) USING BTREE,
  KEY `FK_product_img_product` (`product_no`),
  CONSTRAINT `FK_product_img_product` FOREIGN KEY (`product_no`) REFERENCES `product` (`product_no`) ON DELETE CASCADE ON UPDATE CASCADE
) ENGINE=InnoDB AUTO_INCREMENT=85 DEFAULT CHARSET=utf8mb3 COLLATE=utf8mb3_general_ci;

LOCK TABLES `product_img` WRITE;
/*!40000 ALTER TABLE `product_img` DISABLE KEYS */;

INSERT INTO `product_img` (`product_img_no`, `product_no`, `product_ori_filename`, `product_save_filename`, `product_filetype`, `createdate`, `updatedate`)
VALUES
	(1,1,'시저 독 닭고기 캔 100g.jpeg','시저 독 닭고기 캔 100g.jpeg','image/jpeg','2023-06-13 14:43:18','2023-06-13 14:43:18'),
	(2,2,'시저 독 불고기 캔 100g.jpeg','시저 독 불고기 캔 100g.jpeg','image/jpeg','2023-06-13 14:43:18','2023-06-13 14:43:18'),
	(3,3,'시저 독 쇠고기 캔 100g.png','시저 독 쇠고기 캔 100g.png','image/png','2023-06-13 14:43:18','2023-06-13 14:43:18'),
	(4,4,'시저 독 쇠고기&닭고기 100g.jpeg','시저 독 쇠고기&닭고기 100g.jpeg','image/jpeg','2023-06-13 14:43:18','2023-06-13 14:43:18'),
	(5,5,'시저 독 쇠고기&참치 캔 100g.jpeg','시저 독 쇠고기&참치 캔 100g.jpeg','image/jpeg','2023-06-13 14:43:18','2023-06-13 14:43:18'),
	(6,6,'시저 독 쇠고기&치즈 캔 100g.jpeg','시저 독 쇠고기&치즈 캔 100g.jpeg','image/jpeg','2023-06-13 14:43:18','2023-06-13 14:43:18'),
	(7,7,'시저 독 양고기 캔 100g.jpeg','시저 독 양고기 캔 100g.jpeg','image/jpeg','2023-06-13 14:43:18','2023-06-13 14:43:18'),
	(8,8,'시저 독 연어&감자 캔 100g.jpeg','시저 독 연어&감자 캔 100g.jpeg','image/jpeg','2023-06-13 14:43:18','2023-06-13 14:43:18'),
	(9,9,'시저 독 허브 딜과 호박&닭고기 캔 100g.jpeg','시저 독 허브 딜과 호박&닭고기 캔 100g.jpeg','image/jpeg','2023-06-13 14:43:19','2023-06-13 14:43:19'),
	(10,10,'시저 독 흰살생선&야채 캔 100g.jpeg','시저 독 흰살생선&야채 캔 100g.jpeg','image/jpeg','2023-06-13 14:43:19','2023-06-13 14:43:19'),
	(11,11,'더리얼 독 그레인프리 오븐베이크드 닭고기 어덜트 1.6kg.jpeg','더리얼 독 그레인프리 오븐베이크드 닭고기 어덜트 1.6kg.jpeg','image/jpeg','2023-06-13 14:43:19','2023-06-13 14:43:19'),
	(12,12,'더리얼 독 그레인프리 오븐베이크드 돼지고기 어덜트 1.6kg.jpeg','더리얼 독 그레인프리 오븐베이크드 돼지고기 어덜트 1.6kg.jpeg','image/jpeg','2023-06-13 14:43:19','2023-06-13 14:43:19'),
	(13,13,'더리얼 독 그레인프리 오븐베이크드 소고기 어덜트 1.6kg.jpeg','더리얼 독 그레인프리 오븐베이크드 소고기 어덜트 1.6kg.jpeg','image/jpeg','2023-06-13 14:43:19','2023-06-13 14:43:19'),
	(14,14,'더리얼 독 그레인프리 오븐베이크드 양고기 어덜트 1.6kg.jpeg','더리얼 독 그레인프리 오븐베이크드 양고기 어덜트 1.6kg.jpeg','image/jpeg','2023-06-13 14:43:19','2023-06-13 14:43:19'),
	(15,15,'더리얼 독 그레인프리 오븐베이크드 연어 어덜트 1.6kg.jpeg','더리얼 독 그레인프리 오븐베이크드 연어 어덜트 1.6kg.jpeg','image/jpeg','2023-06-13 14:43:19','2023-06-13 14:43:19'),
	(16,16,'더리얼 독 그레인프리 크런치 닭고기 어덜트 1.6kg.jpeg','더리얼 독 그레인프리 크런치 닭고기 어덜트 1.6kg.jpeg','image/jpeg','2023-06-13 14:43:50','2023-06-13 14:43:50'),
	(17,17,'더리얼 독 그레인프리 크런치 소고기 어덜트 1.6kg.jpeg','더리얼 독 그레인프리 크런치 소고기 어덜트 1.6kg.jpeg','image/jpeg','2023-06-13 14:43:50','2023-06-13 14:43:50'),
	(18,18,'더리얼 독 그레인프리 크런치 양고기 어덜트 1.6kg.jpeg','더리얼 독 그레인프리 크런치 양고기 어덜트 1.6kg.jpeg','image/jpeg','2023-06-13 14:43:50','2023-06-13 14:43:50'),
	(19,19,'더리얼 독 그레인프리 크런치 연어 어덜트 1.6kg.jpeg','더리얼 독 그레인프리 크런치 연어 어덜트 1.6kg.jpeg','image/jpeg','2023-06-13 14:43:50','2023-06-13 14:43:50'),
	(20,20,'앱솔루트 홀리스틱 독 닭고기&호키 1kg.jpeg','앱솔루트 홀리스틱 독 닭고기&호키 1kg.jpeg','image/jpeg','2023-06-13 14:43:50','2023-06-13 14:43:50'),
	(21,21,'앱솔루트 홀리스틱 독 소고기&사슴고기 1kg.jpeg','앱솔루트 홀리스틱 독 소고기&사슴고기 1kg.jpeg','image/jpeg','2023-06-13 14:43:50','2023-06-13 14:43:50'),
	(22,22,'앱솔루트 홀리스틱 독 양고기&연어 1kg.jpeg','앱솔루트 홀리스틱 독 양고기&연어 1kg.jpeg','image/jpeg','2023-06-13 14:43:50','2023-06-13 14:43:50'),
	(23,23,'듀먼 독 자연화식 닭가슴살&빌베리 100g.jpeg','듀먼 독 자연화식 닭가슴살&빌베리 100g.jpeg','image/jpeg','2023-06-13 14:43:50','2023-06-13 14:43:50'),
	(24,24,'듀먼 독 자연화식 닭가슴살&연어100g.jpeg','듀먼 독 자연화식 닭가슴살&연어100g.jpeg','image/jpeg','2023-06-13 14:43:50','2023-06-13 14:43:50'),
	(25,25,'듀먼 독 자연화식 닭가슴살&채소 100g.jpeg','듀먼 독 자연화식 닭가슴살&채소 100g.jpeg','image/jpeg','2023-06-13 14:43:50','2023-06-13 14:43:50'),
	(26,26,'듀먼 독 자연화식 닭가슴살&초록입홍합 100g.jpeg','듀먼 독 자연화식 닭가슴살&초록입홍합 100g.jpeg','image/jpeg','2023-06-13 14:43:50','2023-06-13 14:43:50'),
	(27,27,'듀먼 독 자연화식 닭가슴살&토마토 100g.jpeg','듀먼 독 자연화식 닭가슴살&토마토 100g.jpeg','image/jpeg','2023-06-13 14:43:50','2023-06-13 14:43:50'),
	(28,28,'듀먼 독 자연화식 소고기&채소 100g.jpeg','듀먼 독 자연화식 소고기&채소 100g.jpeg','image/jpeg','2023-06-13 14:43:50','2023-06-13 14:43:50'),
	(29,29,'듀먼 독 자연화식 연어&채소 100g.jpeg','듀먼 독 자연화식 연어&채소 100g.jpeg','image/jpeg','2023-06-13 14:43:50','2023-06-13 14:43:50'),
	(30,30,'듀먼 독 자연화식 오리안심&채소 100g.jpeg','듀먼 독 자연화식 오리안심&채소 100g.jpeg','image/jpeg','2023-06-13 14:43:50','2023-06-13 14:43:50'),
	(31,31,'THE 건강한 형제 독 수제간식 닭발 70g.jpeg','THE 건강한 형제 독 수제간식 닭발 70g.jpeg','image/jpeg','2023-06-13 14:43:50','2023-06-13 14:43:50'),
	(32,32,'THE 건강한 형제 독 수제간식 돼지귀 80g.jpeg','THE 건강한 형제 독 수제간식 돼지귀 80g.jpeg','image/jpeg','2023-06-13 14:43:50','2023-06-13 14:43:50'),
	(33,33,'THE 건강한 형제 독 수제간식 돼지미니족 180g.jpeg','THE 건강한 형제 독 수제간식 돼지미니족 180g.jpeg','image/jpeg','2023-06-13 14:43:50','2023-06-13 14:43:50'),
	(34,34,'THE 건강한 형제 독 수제간식 돼지사골 2p.jpeg','THE 건강한 형제 독 수제간식 돼지사골 2p.jpeg','image/jpeg','2023-06-13 14:43:50','2023-06-13 14:43:50'),
	(35,35,'THE 건강한 형제 독 수제간식 오리도가니 100g.jpeg','THE 건강한 형제 독 수제간식 오리도가니 100g.jpeg','image/jpeg','2023-06-13 14:43:50','2023-06-13 14:43:50'),
	(36,36,'내추럴코어 독 콜라겐 딸기스틱 20p.png','내추럴코어 독 콜라겐 딸기스틱 20p.png','image/png','2023-06-13 14:43:50','2023-06-13 14:43:50'),
	(37,37,'내추럴코어 독 콜라겐 요구르트스틱 20p.png','내추럴코어 독 콜라겐 요구르트스틱 20p.png','image/png','2023-06-13 14:43:50','2023-06-13 14:43:50'),
	(38,38,'내추럴코어 독 콜라겐 칠면조스틱 20p.png','내추럴코어 독 콜라겐 칠면조스틱 20p.png','image/png','2023-06-13 14:43:50','2023-06-13 14:43:50'),
	(39,39,'내추럴코어 독 콜라겐 황태스틱 20p.png','내추럴코어 독 콜라겐 황태스틱 20p.png','image/png','2023-06-13 14:43:50','2023-06-13 14:43:50'),
	(40,40,'촉촉트릿 닭가슴살 100g.jpeg','촉촉트릿 닭가슴살 100g.jpeg','image/jpeg','2023-06-13 14:43:50','2023-06-13 14:43:50'),
	(41,41,'촉촉트릿 미니황태 50g.jpeg','촉촉트릿 미니황태 50g.jpeg','image/jpeg','2023-06-13 14:43:50','2023-06-13 14:43:50'),
	(42,42,'촉촉트릿 북어 80g.jpeg','촉촉트릿 북어 80g.jpeg','image/jpeg','2023-06-13 14:43:50','2023-06-13 14:43:50'),
	(43,43,'촉촉트릿 소간 100g.jpeg','촉촉트릿 소간 100g.jpeg','image/jpeg','2023-06-13 14:43:50','2023-06-13 14:43:50'),
	(44,44,'촉촉트릿 연어 100g.jpeg','촉촉트릿 연어 100g.jpeg','image/jpeg','2023-06-13 14:43:50','2023-06-13 14:43:50'),
	(45,45,'촉촉트릿 열빙어 65g.jpeg','촉촉트릿 열빙어 65g.jpeg','image/jpeg','2023-06-13 14:43:50','2023-06-13 14:43:50'),
	(46,46,'진짜육포 닭가슴살 180g.jpeg','진짜육포 닭가슴살 180g.jpeg','image/jpeg','2023-06-13 14:43:51','2023-06-13 14:43:51'),
	(47,47,'진짜육포 소고기 180g.jpeg','진짜육포 소고기 180g.jpeg','image/jpeg','2023-06-13 14:43:51','2023-06-13 14:43:51'),
	(48,48,'진짜육포 양고기 180g.jpeg','진짜육포 양고기 180g.jpeg','image/jpeg','2023-06-13 14:43:51','2023-06-13 14:43:51'),
	(49,49,'진짜육포 연어 180g.jpeg','진짜육포 연어 180g.jpeg','image/jpeg','2023-06-13 14:43:51','2023-06-13 14:43:51'),
	(50,50,'진짜육포 오리고기 180g.jpeg','진짜육포 오리고기 180g.jpeg','image/jpeg','2023-06-13 14:43:51','2023-06-13 14:43:51'),
	(51,51,'진짜육포 황태 180g.jpeg','진짜육포 황태 180g.jpeg','image/jpeg','2023-06-13 14:43:51','2023-06-13 14:43:51'),
	(52,52,'진짜채소 고구마 180g.jpeg','진짜채소 고구마 180g.jpeg','image/jpeg','2023-06-13 14:43:51','2023-06-13 14:43:51'),
	(53,53,'진짜채소 단호박 180g.jpeg','진짜채소 단호박 180g.jpeg','image/jpeg','2023-06-13 14:43:51','2023-06-13 14:43:51'),
	(54,54,'진짜채소 당근 180g.jpeg','진짜채소 당근 180g.jpeg','image/jpeg','2023-06-13 14:43:51','2023-06-13 14:43:51'),
	(55,55,'베스트에버 가재 장난감.jpeg','베스트에버 가재 장난감.jpeg','image/jpeg','2023-06-13 14:43:51','2023-06-13 14:43:51'),
	(56,56,'베스트에버 꽁치 장난감.jpg','베스트에버 꽁치 장난감.jpg','image/jpg','2023-06-13 14:43:51','2023-06-13 14:43:51'),
	(57,57,'베스트에버 당근 장난감.jpeg','베스트에버 당근 장난감.jpeg','image/jpeg','2023-06-13 14:43:51','2023-06-13 14:43:51'),
	(58,58,'베스트에버 문어 장난감.jpeg','베스트에버 문어 장난감.jpeg','image/jpeg','2023-06-13 14:43:51','2023-06-13 14:43:51'),
	(59,59,'베스트에버 바나나 장난감.jpg','베스트에버 바나나 장난감.jpg','image/jpg','2023-06-13 14:43:51','2023-06-13 14:43:51'),
	(60,60,'베스트에버 뱀장어 장난감.jpeg','베스트에버 뱀장어 장난감.jpeg','image/jpeg','2023-06-13 14:43:51','2023-06-13 14:43:51'),
	(61,61,'베스트에버 브로콜리 장난감.jpeg','베스트에버 브로콜리 장난감.jpeg','image/jpeg','2023-06-13 14:43:51','2023-06-13 14:43:51'),
	(62,62,'베스트에버 슬리퍼 장난감.jpeg','베스트에버 슬리퍼 장난감.jpeg','image/jpeg','2023-06-13 14:43:51','2023-06-13 14:43:51'),
	(63,63,'베스트에버 아이스크림 장난감.jpeg','베스트에버 아이스크림 장난감.jpeg','image/jpeg','2023-06-13 14:43:51','2023-06-13 14:43:51'),
	(64,64,'베스트에버 파 장난감.jpeg','베스트에버 파 장난감.jpeg','image/jpeg','2023-06-13 14:43:51','2023-06-13 14:43:51'),
	(65,65,'개달당 해피데이 선캡&턱받이 SET.jpeg','개달당 해피데이 선캡&턱받이 SET.jpeg','image/jpeg','2023-06-13 14:43:51','2023-06-13 14:43:51'),
	(66,66,'도그아이 남아 꽃한복.jpeg','도그아이 남아 꽃한복.jpeg','image/jpeg','2023-06-13 14:43:51','2023-06-13 14:43:51'),
	(67,67,'도그아이 자외선 차단 여름 선캡.jpg','도그아이 자외선 차단 여름 선캡.jpg','image/jpg','2023-06-13 14:43:51','2023-06-13 14:43:51'),
	(68,68,'도그아이 태권도복.jpeg','도그아이 태권도복.jpeg','image/jpeg','2023-06-13 14:43:51','2023-06-13 14:43:51'),
	(69,69,'도그아이 트윈 단가라 올인원.jpeg','도그아이 트윈 단가라 올인원.jpeg','image/jpeg','2023-06-13 14:43:51','2023-06-13 14:43:51'),
	(70,70,'도그아이 포켓멜빵.jpeg','도그아이 포켓멜빵.jpeg','image/jpeg','2023-06-13 14:43:51','2023-06-13 14:43:51'),
	(71,71,'도그웨그 스쿨룩 원피스.jpg','도그웨그 스쿨룩 원피스.jpg','image/jpg','2023-06-13 14:43:51','2023-06-13 14:43:51'),
	(72,72,'도그웨그 스쿨룩 티셔츠.jpg','도그웨그 스쿨룩 티셔츠.jpg','image/jpg','2023-06-13 14:43:51','2023-06-13 14:43:51'),
	(73,73,'도그웨그 트위드 하네스 조끼 블루.jpg','도그웨그 트위드 하네스 조끼 블루.jpg','image/jpg','2023-06-13 14:43:51','2023-06-13 14:43:51'),
	(74,74,'도그웨그 트위드 하네스 조끼 핑크.jpg','도그웨그 트위드 하네스 조끼 핑크.jpg','image/jpg','2023-06-13 14:43:51','2023-06-13 14:43:51'),
	(75,75,'바비숑 스너그 하우스 핑크.jpeg','바비숑 스너그 하우스 핑크.jpeg','image/jpeg','2023-06-13 14:43:51','2023-06-13 14:43:51'),
	(76,76,'초코펫하우스 에브리데이 하우스 아이보리.jpeg','초코펫하우스 에브리데이 하우스 아이보리.jpeg','image/jpeg','2023-06-13 14:43:51','2023-06-13 14:43:51'),
	(77,77,'스테이 마약방석 아이보리.jpeg','스테이 마약방석 아이보리.jpeg','image/jpeg','2023-06-13 14:43:51','2023-06-13 14:43:51'),
	(78,78,'울리 새콤사과 쿨링방석.jpg','울리 새콤사과 쿨링방석.jpg','image/jpg','2023-06-13 14:43:51','2023-06-13 14:43:51'),
	(79,79,'펫토리아 플러시 방석.jpeg','펫토리아 플러시 방석.jpeg','image/jpeg','2023-06-13 14:43:51','2023-06-13 14:43:51'),
	(80,80,'ENOUGH5 클라우드 카시트 그레이.jpeg','ENOUGH5 클라우드 카시트 그레이.jpeg','image/jpeg','2023-06-13 14:43:51','2023-06-13 14:43:51'),
	(81,81,'쁘리엘르 몰리 카시트 그레이.jpeg','쁘리엘르 몰리 카시트 그레이.jpeg','image/jpeg','2023-06-13 14:43:51','2023-06-13 14:43:51'),
	(82,82,'초코펫하우스 캠퍼스 슬링백 핑크.jpeg','초코펫하우스 캠퍼스 슬링백 핑크.jpeg','image/jpeg','2023-06-13 14:43:51','2023-06-13 14:43:51'),
	(83,83,'펫톤 밀크 슬링백 핑크.jpeg','펫톤 밀크 슬링백 핑크.jpeg','image/jpeg','2023-06-13 14:43:51','2023-06-13 14:43:51'),
	(84,84,'펫홀릭 코지 슬링백.jpeg','펫홀릭 코지 슬링백.jpeg','image/jpeg','2023-06-13 14:43:51','2023-06-13 14:43:51');

/*!40000 ALTER TABLE `product_img` ENABLE KEYS */;
UNLOCK TABLES;


# Dump of table pw_history
# ------------------------------------------------------------

DROP TABLE IF EXISTS `pw_history`;

CREATE TABLE `pw_history` (
  `pw_no` int(11) NOT NULL AUTO_INCREMENT,
  `id` varchar(50) NOT NULL,
  `pw` varchar(50) NOT NULL,
  `createdate` datetime NOT NULL,
  PRIMARY KEY (`pw_no`),
  KEY `FK_pw_history_id_list` (`id`),
  CONSTRAINT `FK_pw_history_id_list` FOREIGN KEY (`id`) REFERENCES `id_list` (`id`) ON DELETE CASCADE ON UPDATE CASCADE
) ENGINE=InnoDB AUTO_INCREMENT=22 DEFAULT CHARSET=utf8mb3 COLLATE=utf8mb3_general_ci;

LOCK TABLES `pw_history` WRITE;
/*!40000 ALTER TABLE `pw_history` DISABLE KEYS */;

INSERT INTO `pw_history` (`pw_no`, `id`, `pw`, `createdate`)
VALUES
	(1,'admin1','*A4B6157319038724E3560894F7F932C8886EBFCF','2023-06-26 15:35:04'),
	(2,'admin2','*A4B6157319038724E3560894F7F932C8886EBFCF','2023-06-26 15:35:04'),
	(3,'admin3','*A4B6157319038724E3560894F7F932C8886EBFCF','2023-06-26 15:35:04'),
	(4,'admin4','*A4B6157319038724E3560894F7F932C8886EBFCF','2023-06-26 15:35:04'),
	(5,'admin5','*A4B6157319038724E3560894F7F932C8886EBFCF','2023-06-26 15:35:04'),
	(6,'admin6','*A4B6157319038724E3560894F7F932C8886EBFCF','2023-06-26 15:35:04'),
	(7,'admin7','*A4B6157319038724E3560894F7F932C8886EBFCF','2023-06-26 15:35:04'),
	(8,'admin8','*A4B6157319038724E3560894F7F932C8886EBFCF','2023-06-26 15:35:04'),
	(9,'admin9','*A4B6157319038724E3560894F7F932C8886EBFCF','2023-06-26 15:35:04'),
	(10,'admin10','*A4B6157319038724E3560894F7F932C8886EBFCF','2023-06-26 15:35:04'),
	(11,'admin11','*A4B6157319038724E3560894F7F932C8886EBFCF','2023-06-26 15:35:04'),
	(12,'user1','*A4B6157319038724E3560894F7F932C8886EBFCF','2023-06-26 15:35:25'),
	(13,'user2','*A4B6157319038724E3560894F7F932C8886EBFCF','2023-06-26 15:45:36'),
	(14,'user3','*A4B6157319038724E3560894F7F932C8886EBFCF','2023-06-26 15:45:36'),
	(15,'user4','*A4B6157319038724E3560894F7F932C8886EBFCF','2023-06-26 15:45:36'),
	(16,'user5','*A4B6157319038724E3560894F7F932C8886EBFCF','2023-06-26 15:45:36'),
	(17,'user6','*A4B6157319038724E3560894F7F932C8886EBFCF','2023-06-26 15:45:36'),
	(18,'user7','*A4B6157319038724E3560894F7F932C8886EBFCF','2023-06-26 15:45:36'),
	(19,'user8','*A4B6157319038724E3560894F7F932C8886EBFCF','2023-06-26 15:45:36'),
	(20,'user9','*A4B6157319038724E3560894F7F932C8886EBFCF','2023-06-26 15:45:36'),
	(21,'user10','*A4B6157319038724E3560894F7F932C8886EBFCF','2023-06-26 15:45:36');

/*!40000 ALTER TABLE `pw_history` ENABLE KEYS */;
UNLOCK TABLES;


# Dump of table question
# ------------------------------------------------------------

DROP TABLE IF EXISTS `question`;

CREATE TABLE `question` (
  `q_no` int(11) NOT NULL AUTO_INCREMENT,
  `product_no` int(11) NOT NULL,
  `id` varchar(50) NOT NULL,
  `q_category` enum('상품','교환/환불','배송','기타') NOT NULL,
  `q_title` varchar(50) NOT NULL,
  `q_content` text NOT NULL,
  `q_status` enum('답변대기','답변완료') NOT NULL,
  `createdate` datetime NOT NULL,
  `updatedate` datetime NOT NULL,
  PRIMARY KEY (`q_no`),
  KEY `FK_question_product` (`product_no`),
  KEY `FK_question_customer` (`id`),
  CONSTRAINT `FK_question_customer` FOREIGN KEY (`id`) REFERENCES `customer` (`id`) ON DELETE CASCADE ON UPDATE CASCADE,
  CONSTRAINT `FK_question_product` FOREIGN KEY (`product_no`) REFERENCES `product` (`product_no`) ON DELETE CASCADE ON UPDATE CASCADE
) ENGINE=InnoDB DEFAULT CHARSET=utf8mb3 COLLATE=utf8mb3_general_ci;



# Dump of table review
# ------------------------------------------------------------

DROP TABLE IF EXISTS `review`;

CREATE TABLE `review` (
  `review_no` int(11) NOT NULL AUTO_INCREMENT,
  `order_no` int(11) NOT NULL,
  `review_title` varchar(50) NOT NULL,
  `review_content` text NOT NULL,
  `createdate` datetime NOT NULL,
  `updatedate` datetime NOT NULL,
  PRIMARY KEY (`review_no`) USING BTREE,
  KEY `FK_review_orders` (`order_no`),
  CONSTRAINT `FK_review_orders` FOREIGN KEY (`order_no`) REFERENCES `orders` (`order_no`) ON DELETE CASCADE ON UPDATE CASCADE
) ENGINE=InnoDB AUTO_INCREMENT=4 DEFAULT CHARSET=utf8mb3 COLLATE=utf8mb3_general_ci;

LOCK TABLES `review` WRITE;
/*!40000 ALTER TABLE `review` DISABLE KEYS */;

INSERT INTO `review` (`review_no`, `order_no`, `review_title`, `review_content`, `createdate`, `updatedate`)
VALUES
	(1,1,'진짜채소고구마','고구마란 소리 들으면 바로 일어나는 애여서 고구마 맛으로 주문했는데 먹자마자 또 열라고 패대기쳐요!! 진짜 맛있나봐요 고구마 좋아하는 애기들 추천드려요 ㅎㅎ','2023-06-26 17:14:03','2023-06-26 17:23:31'),
	(2,2,'진짜채소단호박','유산균과 오메가 섞여서 영양제 겸 좋을듯해요~','2023-06-26 17:15:51','2023-06-26 17:23:37'),
	(3,3,'베스트에버뱀장어 장난감','우리집 강아지가 너무 좋아합니다 최애 장난감이 되었어요!!','2023-06-26 17:17:05','2023-06-26 17:23:43');

/*!40000 ALTER TABLE `review` ENABLE KEYS */;
UNLOCK TABLES;


# Dump of table review_img
# ------------------------------------------------------------

DROP TABLE IF EXISTS `review_img`;

CREATE TABLE `review_img` (
  `review_img_no` int(11) NOT NULL AUTO_INCREMENT,
  `review_no` int(11) NOT NULL,
  `review_ori_filename` varchar(50) NOT NULL,
  `review_save_filename` varchar(50) NOT NULL,
  `review_filetype` varchar(50) NOT NULL,
  `createdate` datetime NOT NULL,
  `updatedate` datetime NOT NULL,
  PRIMARY KEY (`review_img_no`) USING BTREE,
  KEY `FK_review_img_review` (`review_no`),
  CONSTRAINT `FK_review_img_review` FOREIGN KEY (`review_no`) REFERENCES `review` (`review_no`) ON DELETE CASCADE ON UPDATE CASCADE
) ENGINE=InnoDB AUTO_INCREMENT=4 DEFAULT CHARSET=utf8mb3 COLLATE=utf8mb3_general_ci;

LOCK TABLES `review_img` WRITE;
/*!40000 ALTER TABLE `review_img` DISABLE KEYS */;

INSERT INTO `review_img` (`review_img_no`, `review_no`, `review_ori_filename`, `review_save_filename`, `review_filetype`, `createdate`, `updatedate`)
VALUES
	(1,1,'1.jpeg','1.jpeg','image/jpeg','2023-06-26 17:14:03','2023-06-26 17:23:31'),
	(2,2,'2.jpeg','2.jpeg','image/jpeg','2023-06-26 17:15:51','2023-06-26 17:23:37'),
	(3,3,'3.jpeg','3.jpeg','image/jpeg','2023-06-26 17:17:05','2023-06-26 17:23:43');

/*!40000 ALTER TABLE `review_img` ENABLE KEYS */;
UNLOCK TABLES;



/*!40111 SET SQL_NOTES=@OLD_SQL_NOTES */;
/*!40101 SET SQL_MODE=@OLD_SQL_MODE */;
/*!40014 SET FOREIGN_KEY_CHECKS=@OLD_FOREIGN_KEY_CHECKS */;
/*!40101 SET CHARACTER_SET_CLIENT=@OLD_CHARACTER_SET_CLIENT */;
/*!40101 SET CHARACTER_SET_RESULTS=@OLD_CHARACTER_SET_RESULTS */;
/*!40101 SET COLLATION_CONNECTION=@OLD_COLLATION_CONNECTION */;
